<ImportExportXml version="5.0.9690.3417" minimumversion="5.0" languagecode="1036" generatedBy="CrmLive" xmlns:xsi="http://www.w3.org/2001/XMLSchema-instance">
  <SolutionManifest>
    <UniqueName>Datwendo</UniqueName>
    <LocalizedNames>
      <LocalizedName description="Datwendo" languagecode="1036" />
    </LocalizedNames>
    <Descriptions>
      <Description description="Datwendo Cloud Connector" languagecode="1036" />
    </Descriptions>
    <Version>1.0.0.0</Version>
    <Managed>1</Managed>
    <Publisher>
      <UniqueName>datwendo</UniqueName>
      <LocalizedNames>
        <LocalizedName description="Datwendo" languagecode="1036" />
      </LocalizedNames>
      <Descriptions>
        <Description description="Datwendo Paris. France.&#xA;Tel +33 616 776 616&#xA;contact@datwendo.com&#xA;http://www.datwendo.com" languagecode="1036" />
      </Descriptions>
      <EMailAddress>contact@datwendo.com</EMailAddress>
      <SupportingWebsiteUrl>http://www.datwendo.com</SupportingWebsiteUrl>
      <CustomizationPrefix>dtw</CustomizationPrefix>
      <CustomizationOptionValuePrefix>10000</CustomizationOptionValuePrefix>
      <Addresses>
        <Address>
          <AddressNumber>1</AddressNumber>
          <AddressTypeCode>1</AddressTypeCode>
          <City>Paris</City>
          <County xsi:nil="true"></County>
          <Country>France</Country>
          <Fax xsi:nil="true"></Fax>
          <FreightTermsCode xsi:nil="true"></FreightTermsCode>
          <ImportSequenceNumber xsi:nil="true"></ImportSequenceNumber>
          <Latitude xsi:nil="true"></Latitude>
          <Line1>11 rue de la Huchette</Line1>
          <Line2 xsi:nil="true"></Line2>
          <Line3 xsi:nil="true"></Line3>
          <Longitude xsi:nil="true"></Longitude>
          <Name xsi:nil="true"></Name>
          <PostalCode>75005</PostalCode>
          <PostOfficeBox xsi:nil="true"></PostOfficeBox>
          <PrimaryContactName xsi:nil="true"></PrimaryContactName>
          <ShippingMethodCode>1</ShippingMethodCode>
          <StateOrProvince>Idf</StateOrProvince>
          <Telephone1>+33 616 776 616</Telephone1>
          <Telephone2 xsi:nil="true"></Telephone2>
          <Telephone3 xsi:nil="true"></Telephone3>
          <TimeZoneRuleVersionNumber xsi:nil="true"></TimeZoneRuleVersionNumber>
          <UPSZone xsi:nil="true"></UPSZone>
          <UTCOffset xsi:nil="true"></UTCOffset>
          <UTCConversionTimeZoneCode xsi:nil="true"></UTCConversionTimeZoneCode>
        </Address>
        <Address>
          <AddressNumber>2</AddressNumber>
          <AddressTypeCode>1</AddressTypeCode>
          <City xsi:nil="true"></City>
          <County xsi:nil="true"></County>
          <Country xsi:nil="true"></Country>
          <Fax xsi:nil="true"></Fax>
          <FreightTermsCode xsi:nil="true"></FreightTermsCode>
          <ImportSequenceNumber xsi:nil="true"></ImportSequenceNumber>
          <Latitude xsi:nil="true"></Latitude>
          <Line1 xsi:nil="true"></Line1>
          <Line2 xsi:nil="true"></Line2>
          <Line3 xsi:nil="true"></Line3>
          <Longitude xsi:nil="true"></Longitude>
          <Name xsi:nil="true"></Name>
          <PostalCode xsi:nil="true"></PostalCode>
          <PostOfficeBox xsi:nil="true"></PostOfficeBox>
          <PrimaryContactName xsi:nil="true"></PrimaryContactName>
          <ShippingMethodCode>1</ShippingMethodCode>
          <StateOrProvince xsi:nil="true"></StateOrProvince>
          <Telephone1 xsi:nil="true"></Telephone1>
          <Telephone2 xsi:nil="true"></Telephone2>
          <Telephone3 xsi:nil="true"></Telephone3>
          <TimeZoneRuleVersionNumber xsi:nil="true"></TimeZoneRuleVersionNumber>
          <UPSZone xsi:nil="true"></UPSZone>
          <UTCOffset xsi:nil="true"></UTCOffset>
          <UTCConversionTimeZoneCode xsi:nil="true"></UTCConversionTimeZoneCode>
        </Address>
      </Addresses>
    </Publisher>
    <RootComponents>
      <RootComponent type="1" schemaName="dtw_connector" />
      <RootComponent type="91" schemaName="DatwendoMSCRMPlugins, Version=1.0.0.0, Culture=neutral, PublicKeyToken=e60245e7ca80b05d" />
    </RootComponents>
    <MissingDependencies />
  </SolutionManifest>
</ImportExportXml>